{"cameraMode":{"drawMode":0,"name":"Shaded","section":"Shading Mode"},"sceneLighting":false,"audioPlay":false,"sceneViewState":{"m_AlwaysRefresh":false,"showFog":true,"showSkybox":false,"showFlares":true,"showImageEffects":true,"showParticleSystems":true,"showVisualEffectGraphs":true,"m_FxEnabled":true},"in2DMode":false,"pivot":{"x":7.915480613708496,"y":1.444295048713684,"z":-12.135040283203125},"rotation":{"x":-0.00132235256023705,"y":0.9935688376426697,"z":-0.11256183683872223,"w":-0.011621415615081787},"size":1.2247449159622193,"orthographic":false}