{"cameraMode":{"drawMode":0,"name":"Shaded","section":"Shading Mode"},"sceneLighting":true,"audioPlay":false,"sceneViewState":{"m_AlwaysRefresh":false,"showFog":true,"showSkybox":true,"showFlares":true,"showImageEffects":true,"showParticleSystems":true,"showVisualEffectGraphs":true,"m_FxEnabled":true},"in2DMode":false,"pivot":{"x":17.226198196411134,"y":1.9105441570281983,"z":-3.981099843978882},"rotation":{"x":0.08594828844070435,"y":0.3017357289791107,"z":-0.027322277426719667,"w":0.9491115212440491},"size":12.12435531616211,"orthographic":false}