{"cameraMode":{"drawMode":0,"name":"Shaded","section":"Shading Mode"},"sceneLighting":true,"audioPlay":false,"sceneViewState":{"m_AlwaysRefresh":false,"showFog":true,"showSkybox":true,"showFlares":true,"showImageEffects":true,"showParticleSystems":true,"showVisualEffectGraphs":true,"m_FxEnabled":true},"in2DMode":false,"pivot":{"x":1.1782779693603516,"y":4.261968612670898,"z":-7.5962677001953129},"rotation":{"x":-0.08984380215406418,"y":0.08705317229032517,"z":-0.007862496189773083,"w":-0.9921096563339233},"size":18.369897842407228,"orthographic":false}