{"cameraMode":{"drawMode":0,"name":"Shaded","section":"Shading Mode"},"sceneLighting":false,"audioPlay":false,"sceneViewState":{"m_AlwaysRefresh":false,"showFog":true,"showSkybox":false,"showFlares":true,"showImageEffects":true,"showParticleSystems":true,"showVisualEffectGraphs":true,"m_FxEnabled":true},"in2DMode":false,"pivot":{"x":0.8864140510559082,"y":1.0800013542175294,"z":-1.4384212493896485},"rotation":{"x":0.05587264522910118,"y":0.9162139892578125,"z":-0.37213605642318728,"w":0.1375732570886612},"size":1.2815883159637452,"orthographic":false}