{"cameraMode":{"drawMode":0,"name":"Shaded","section":"Shading Mode"},"sceneLighting":false,"audioPlay":false,"sceneViewState":{"m_AlwaysRefresh":false,"showFog":true,"showSkybox":false,"showFlares":true,"showImageEffects":true,"showParticleSystems":true,"showVisualEffectGraphs":true,"m_FxEnabled":true},"in2DMode":false,"pivot":{"x":-10.469344139099121,"y":-0.1225883960723877,"z":-8.283320426940918},"rotation":{"x":0.10315579921007157,"y":0.09415627270936966,"z":-0.009815257973968983,"w":0.9901437759399414},"size":3.535533905029297,"orthographic":false}